Last Name,First Name,Middle Name,Title,Company Name,Street Address,City,State,ZIP,Phone Number,Fax Number,Email Address
Broere,John,William,Instructor,Principia College,1 Maybeck Pl.,Elsah,IL,62028,1-618-610-3500,,john.broere@principia.edu
Casanave,Dave,,,,9 Piedmont St.,Arlington,MA,02476,1-617-719-2076,,dave.cas@verizon.net
Broere,Molly,Flavin,Reading & Support Specialist,Principia College,1 Maybeck Pl.,Elsah,IL,62028,1-618-946-4002,,molly.broere@principia.edu
Shedd,Steven,Kenneth,Development Officer,Principia College,1 Maybeck Pl.,Elsah,IL,62028,1-618-581-4004,,steve.shedd@principia.edu
Ritter,Joseph,Michael,Academic Dean,Principia College,1 Maybeck Pl.,Elsah,IL,62028,1-618-610-8191,,joe.ritter@principia.edu